<?xml version="1.0" encoding="utf-8"?>
<selector xmlns:android="http://schemas.android.com/apk/res/android">
    <item  android:state_pressed="true" >
        <shape>
            <solid
                android:color="#cfca96" />
            <stroke
                android:width="1dp"
                android:color="#fffcdd" />
            <corners
                android:radius="10dp" />

        </shape>
    </item>
    <item>
        <shape>
            <solid
                android:color="#fffcdd" />
            <stroke
                android:width="1dp"
                android:color="#cfca96" />
            <corners
                android:radius="10dp" />

        </shape>
    </item>
</selector>